{
  "meta": {
    "language": "zh",
    "title": "十月二十二号星期六上午十点四十五分三十一秒"
  },
  "groups": [
    [
      {
        "type": "sequence",
        "bind": "month",
        "first": 0,
        "text": [
          "一月",
          "二月",
          "三月",
          "四月",
          "五月",
          "六月",
          "七月",
          "八月",
          "九月",
          "十月",
          "十一月",
          "十二月"
        ]
      }
    ],
    [
      {
        "type": "sequence",
        "bind": "date",
        "first": 1,
        "text": [
          "一号",
          "二号",
          "三号",
          "四号",
          "五号",
          "六号",
          "七号",
          "八号",
          "九号",
          "十号",
          "十一号",
          "十二号",
          "十三号",
          "十四号",
          "十五号",
          "十六号",
          "十七号",
          "十八号",
          "十九号",
          "二十号",
          "二十一号",
          "二十二号",
          "二十三号",
          "二十四号",
          "二十五号",
          "二十六号",
          "二十七号",
          "二十八号",
          "二十九号",
          "三十号",
          "三十一号"
        ]
      }
    ],
    [
      {
        "type": "sequence",
        "bind": "daystartingmonday",
        "first": 0,
        "text": [
          "星期一",
          "星期二",
          "星期三",
          "星期四",
          "星期五",
          "星期六",
          "星期日"
        ]
      }
    ],
    [
      {
        "type": "item",
        "items": [
          {
            "highlight": "twentyfourhour<12",
            "text": "上午"
          },
          {
            "highlight": "twentyfourhour>=12",
            "text": "下午"
          }
        ]
      },
      {
        "type": "space",
        "count": 58
      }
    ],
    [
      {
        "type": "sequence",
        "bind": "hour",
        "first": 1,
        "text": [
          "一点",
          "两点",
          "三点",
          "四点",
          "五点",
          "六点",
          "七点",
          "八点",
          "九点",
          "十点",
          "十一点",
          "十二点"
        ]
      }
    ],
    [
      {
        "type": "sequence",
        "bind": "minute",
        "first": 0,
        "text": [
          "",
          "一分",
          "两分",
          "三分",
          "四分",
          "五分",
          "六分",
          "七分",
          "八分",
          "九分",
          "十分",
          "十一分",
          "十二分",
          "十三分",
          "十四分",
          "十五分",
          "十六分",
          "十七分",
          "十八分",
          "十九分",
          "二十分",
          "二十一分",
          "二十二分",
          "二十三分",
          "二十四分",
          "二十五分",
          "二十六分",
          "二十七分",
          "二十八分",
          "二十九分",
          "三十分",
          "三十一分",
          "三十二分",
          "三十三分",
          "三十四分",
          "三十五分",
          "三十六分",
          "三十七分",
          "三十八分",
          "三十九分",
          "四十分",
          "四十一分",
          "四十二分",
          "四十三分",
          "四十四分",
          "四十五分",
          "四十六分",
          "四十七分",
          "四十八分",
          "四十九分",
          "五十分",
          "五十一分",
          "五十二分",
          "五十三分",
          "五十四分",
          "五十五分",
          "五十六分",
          "五十七分",
          "五十八分",
          "五十九分"
        ]
      }
    ],
    [
      {
        "type": "sequence",
        "bind": "second",
        "first": 0,
        "text": [
          "",
          "一秒",
          "两秒",
          "三秒",
          "四秒",
          "五秒",
          "六秒",
          "七秒",
          "八秒",
          "九秒",
          "十秒",
          "十一秒",
          "十二秒",
          "十三秒",
          "十四秒",
          "十五秒",
          "十六秒",
          "十七秒",
          "十八秒",
          "十九秒",
          "二十秒",
          "二十一秒",
          "二十二秒",
          "二十三秒",
          "二十四秒",
          "二十五秒",
          "二十六秒",
          "二十七秒",
          "二十八秒",
          "二十九秒",
          "三十秒",
          "三十一秒",
          "三十二秒",
          "三十三秒",
          "三十四秒",
          "三十五秒",
          "三十六秒",
          "三十七秒",
          "三十八秒",
          "三十九秒",
          "四十秒",
          "四十一秒",
          "四十二秒",
          "四十三秒",
          "四十四秒",
          "四十五秒",
          "四十六秒",
          "四十七秒",
          "四十八秒",
          "四十九秒",
          "五十秒",
          "五十一秒",
          "五十二秒",
          "五十三秒",
          "五十四秒",
          "五十五秒",
          "五十六秒",
          "五十七秒",
          "五十八秒",
          "五十九秒"
        ]
      }
    ]
  ]
}